GRIDCELL	DIVISION	SUBDIVISION
-1764	114	1146
-1763	114	1146
-1762	114	1146
-1761	114	1146
-1754	114	1146
-1753	114	1146
-1752	114	1146
-1751	114	1146
-1744	114	1146
-1743	114	1146
-1742	114	1146
-1741	114	1146
-1734	114	1146
-1733	114	1146
-1732	114	1146
-1731	114	1146
-1724	114	1146
-1723	114	1146
-1722	114	1146
-1721	114	1146
-1714	114	1146
-1713	114	1146
-1712	114	1146
-1711	114	1146
-1704	114	1146
-1703	114	1146
-1702	114	1146
-1701	114	1146
-1694	114	1146
-1693	109	1094
-1692	109	1091
-1691	109	1094
-1264	114	1146
-1263	114	1146
-1262	114	1146
-1261	114	1146
-1254	114	1146
-1253	114	1146
-1252	114	1146
-1251	114	1146
-1244	114	1146
-1243	114	1146
-1242	114	1146
-1241	114	1146
-1234	114	1146
-1233	114	1146
-1232	114	1146
-1231	114	1146
-1224	114	1146
-1223	114	1146
-1222	114	1146
-1221	114	1146
-1214	114	1146
-1213	114	1146
-1212	114	1146
-1211	114	1146
-1204	114	1146
-1203	109	1091
-1202	114	1146
-1201	109	1091
-1194	109	1091
-1193	109	1094
-1192	109	1091
-1191	109	1094
-764	114	1146
-763	114	1146
-762	114	1146
-761	114	1146
-754	114	1146
-753	114	1146
-752	114	1146
-751	114	1146
-744	114	1146
-743	114	1146
-742	114	1146
-741	114	1146
-734	114	1146
-733	114	1146
-732	114	1146
-731	114	1146
-724	114	1146
-723	114	1146
-722	114	1146
-721	114	1146
-714	114	1146
-713	109	1091
-712	114	1146
-711	109	1091
-704	109	1091
-703	109	1091
-702	109	1091
-701	109	1091
-694	109	1094
-693	109	1094
-692	109	1094
-691	109	1094
-264	114	1146
-263	114	1146
-262	114	1146
-261	114	1146
-254	114	1146
-253	114	1146
-252	114	1146
-251	114	1146
-244	114	1146
-243	114	1146
-242	114	1146
-241	114	1146
-234	114	1146
-233	114	1146
-232	114	1146
-231	114	1146
-224	114	1146
-223	114	1146
-222	114	1146
-221	109	1091
-214	109	1091
-213	109	1091
-212	109	1091
-211	109	1091
-204	109	1091
-203	109	1094
-202	109	1091
-201	109	1094
-194	109	1094
-193	109	1094
-192	109	1094
-191	109	1094
11	115	1151
12	115	1151
13	115	1151
14	115	1151
21	115	1151
22	115	1151
23	115	1151
24	115	1151
31	115	1151
32	115	1151
33	115	1151
34	115	1151
41	115	1151
42	115	1151
43	115	1151
44	115	1151
51	115	1151
52	115	1151
53	115	1151
54	115	1151
61	115	1151
62	115	1151
63	115	1151
64	115	1151
71	115	1151
72	115	1151
73	115	1151
74	115	1151
81	114	1142
82	114	1142
83	114	1142
84	114	1142
91	114	1142
92	114	1142
93	114	1142
94	114	1142
101	114	1142
102	114	1142
103	114	1142
104	114	1142
111	114	1142
112	114	1142
113	114	1142
114	114	1142
121	114	1142
122	114	1142
123	114	1142
124	114	1142
131	114	1146
132	114	1142
133	114	1142
134	114	1142
141	114	1146
142	114	1146
143	114	1146
144	114	1146
151	114	1146
152	114	1146
153	114	1146
154	114	1146
161	114	1146
162	114	1146
163	114	1146
164	114	1146
171	114	1146
172	114	1146
173	114	1146
174	114	1146
181	114	1146
182	114	1146
183	114	1146
184	114	1146
191	114	1146
192	114	1146
193	114	1146
194	114	1146
201	114	1146
202	114	1146
203	114	1146
204	114	1146
211	114	1146
212	114	1146
213	114	1146
214	114	1146
221	114	1146
222	114	1146
223	114	1146
224	114	1146
231	114	1146
232	114	1146
233	114	1146
234	114	1146
241	114	1146
242	114	1146
243	114	1146
244	114	1146
251	114	1146
252	114	1146
253	114	1146
254	114	1146
261	114	1146
262	114	1146
263	114	1146
264	114	1146
271	109	1091
272	114	1146
273	114	1146
274	114	1146
281	109	1092
282	109	1091
283	109	1091
284	109	1091
291	109	1094
292	109	1092
293	109	1091
294	109	1092
301	109	1094
302	109	1094
303	109	1094
304	109	1094
311	109	1094
312	109	1094
313	109	1094
314	109	1094
421	110	1101
422	110	1101
423	110	1101
424	110	1101
501	115	1151
502	115	1151
503	115	1151
504	115	1151
511	115	1151
512	115	1151
513	115	1151
514	115	1151
521	115	1151
522	115	1151
523	115	1151
524	115	1151
531	115	1151
532	115	1151
533	115	1151
534	115	1151
541	115	1151
542	115	1151
543	115	1151
544	115	1151
551	115	1151
552	115	1151
553	115	1151
554	115	1151
561	115	1151
562	115	1151
563	115	1151
564	115	1151
571	114	1142
572	114	1142
573	114	1142
574	114	1142
581	114	1142
582	114	1142
583	114	1142
584	114	1142
591	114	1142
592	114	1142
593	114	1142
594	114	1142
601	114	1142
602	114	1142
603	114	1142
604	114	1142
611	114	1143
612	114	1142
613	114	1142
614	114	1142
621	114	1146
622	114	1143
623	114	1142
624	114	1142
631	114	1146
632	114	1146
633	114	1146
634	114	1146
641	114	1146
642	114	1146
643	114	1146
644	114	1146
651	114	1146
652	114	1146
653	114	1146
654	114	1146
661	114	1146
662	114	1146
663	114	1146
664	114	1146
671	114	1146
672	114	1146
673	114	1146
674	114	1146
681	114	1146
682	114	1146
683	114	1146
684	114	1146
691	114	1146
692	114	1146
693	114	1146
694	114	1146
701	114	1146
702	114	1146
703	114	1146
704	114	1146
711	114	1146
712	114	1146
713	114	1146
714	114	1146
721	114	1146
722	114	1146
723	114	1146
724	114	1146
731	114	1146
732	114	1146
733	114	1146
734	114	1146
741	114	1146
742	114	1146
743	114	1146
744	114	1146
751	114	1146
752	114	1146
753	114	1146
754	114	1146
761	109	1091
762	114	1146
763	114	1146
764	114	1146
771	109	1091
772	109	1091
773	109	1091
774	109	1091
781	109	1094
782	109	1092
783	109	1092
784	109	1092
791	109	1094
792	109	1094
793	109	1094
794	109	1094
801	109	1094
802	109	1094
803	109	1094
804	109	1094
811	109	1094
812	109	1094
813	109	1094
814	109	1094
921	110	1101
922	110	1101
923	110	1101
924	110	1101
1001	115	1151
1002	115	1151
1003	115	1151
1004	115	1151
1011	115	1151
1012	115	1151
1013	115	1151
1014	115	1151
1021	115	1151
1022	115	1151
1023	115	1151
1024	115	1151
1031	115	1151
1032	115	1151
1033	115	1151
1034	115	1151
1041	115	1151
1042	115	1151
1043	115	1151
1044	115	1151
1051	115	1151
1052	115	1151
1053	115	1151
1054	115	1151
1061	115	1151
1062	115	1151
1063	115	1151
1064	115	1151
1071	115	1151
1072	115	1151
1073	115	1151
1074	115	1151
1081	114	1142
1082	114	1142
1083	114	1142
1084	114	1142
1091	114	1143
1092	114	1142
1093	114	1143
1094	114	1142
1101	114	1143
1102	114	1143
1103	114	1143
1104	114	1143
1111	114	1143
1112	114	1143
1113	114	1143
1114	114	1143
1121	114	1146
1122	114	1143
1123	114	1146
1124	114	1143
1131	114	1146
1132	114	1146
1133	114	1146
1134	114	1146
1141	114	1146
1142	114	1146
1143	114	1146
1144	114	1146
1151	114	1146
1152	114	1146
1153	114	1146
1154	114	1146
1161	114	1146
1162	114	1146
1163	114	1146
1164	114	1146
1171	114	1146
1172	114	1146
1173	114	1146
1174	114	1146
1181	114	1146
1182	114	1146
1183	114	1146
1184	114	1146
1191	114	1146
1192	114	1146
1193	114	1146
1194	114	1146
1201	114	1146
1202	114	1146
1203	114	1146
1204	114	1146
1211	114	1146
1212	114	1146
1213	114	1146
1214	114	1146
1221	114	1146
1222	114	1146
1223	114	1146
1224	114	1146
1231	114	1146
1232	114	1146
1233	114	1146
1234	114	1146
1241	114	1146
1242	114	1146
1243	114	1146
1244	114	1146
1251	109	1091
1252	114	1146
1253	114	1146
1254	114	1146
1261	109	1091
1262	109	1091
1263	109	1091
1264	109	1091
1271	109	1092
1272	109	1092
1273	109	1092
1274	109	1091
1281	109	1094
1282	109	1094
1283	109	1094
1284	109	1092
1291	109	1094
1292	109	1094
1293	109	1094
1294	109	1094
1301	109	1094
1302	109	1094
1303	109	1094
1304	109	1094
1311	109	1094
1312	109	1094
1313	109	1094
1314	109	1094
1411	110	1101
1412	110	1101
1413	110	1101
1414	110	1101
1421	110	1101
1422	110	1101
1423	110	1101
1424	110	1101
1501	115	1151
1502	115	1151
1503	115	1151
1504	115	1151
1511	115	1151
1512	115	1151
1513	115	1151
1514	115	1151
1521	115	1151
1522	115	1151
1523	115	1151
1524	115	1151
1531	115	1151
1532	115	1151
1533	115	1151
1534	115	1151
1541	115	1151
1542	115	1151
1543	115	1151
1544	115	1151
1551	115	1151
1552	115	1151
1553	115	1151
1554	115	1151
1561	115	1151
1562	115	1151
1563	115	1151
1564	115	1151
1571	115	1151
1572	115	1151
1573	115	1151
1574	115	1151
1581	114	1141
1582	114	1141
1583	114	1142
1584	114	1141
1591	114	1142
1592	114	1142
1593	114	1143
1594	114	1142
1601	114	1143
1602	114	1142
1603	114	1143
1604	114	1143
1611	114	1143
1612	114	1143
1613	114	1143
1614	114	1143
1621	114	1143
1622	114	1143
1623	114	1143
1624	114	1143
1631	114	1146
1632	114	1143
1633	114	1146
1634	114	1143
1641	114	1146
1642	114	1146
1643	114	1146
1644	114	1146
1651	114	1146
1652	114	1146
1653	114	1146
1654	114	1146
1661	114	1146
1662	114	1146
1663	114	1146
1664	114	1146
1671	114	1146
1672	114	1146
1673	114	1146
1674	114	1146
1681	114	1146
1682	114	1146
1683	114	1146
1684	114	1146
1691	114	1146
1692	114	1146
1693	114	1146
1694	114	1146
1701	114	1146
1702	114	1146
1703	114	1146
1704	114	1146
1711	114	1146
1712	114	1146
1713	114	1146
1714	114	1146
1721	114	1146
1722	114	1146
1723	114	1146
1724	114	1146
1731	114	1144
1732	114	1146
1733	114	1146
1734	114	1146
1741	109	1091
1742	109	1091
1743	109	1091
1744	114	1146
1751	109	1091
1752	109	1091
1753	109	1091
1754	109	1091
1761	109	1092
1762	109	1092
1763	109	1092
1764	109	1091
1771	109	1093
1772	109	1093
1773	109	1093
1774	109	1092
1781	109	1094
1782	109	1094
1783	109	1094
1784	109	1094
1791	109	1094
1792	109	1094
1793	109	1094
1794	109	1094
1801	109	1094
1802	109	1094
1803	109	1094
1804	109	1094
1811	109	1094
1812	109	1094
1813	109	1094
1814	109	1094
1911	110	1101
1912	110	1101
1913	110	1101
1914	110	1101
2001	115	1151
2002	115	1151
2003	115	1151
2004	115	1151
2011	115	1151
2012	115	1151
2013	115	1151
2014	115	1151
2021	115	1151
2022	115	1151
2023	115	1151
2024	115	1151
2031	115	1151
2032	115	1151
2033	115	1151
2034	115	1151
2041	115	1151
2042	115	1151
2043	115	1151
2044	115	1151
2051	115	1151
2052	115	1151
2053	115	1151
2054	115	1151
2061	115	1151
2062	115	1151
2063	115	1151
2064	115	1151
2071	115	1151
2072	115	1151
2073	115	1151
2074	115	1151
2081	114	1141
2082	114	1141
2083	114	1141
2084	114	1141
2091	114	1142
2092	114	1142
2093	114	1142
2094	114	1142
2101	114	1142
2102	114	1142
2103	114	1142
2104	114	1142
2111	114	1142
2112	114	1142
2113	114	1143
2114	114	1143
2121	114	1143
2122	114	1142
2123	114	1143
2124	114	1142
2131	114	1143
2132	114	1143
2133	114	1143
2134	114	1143
2141	114	1146
2142	114	1146
2143	114	1146
2144	114	1146
2151	114	1146
2152	114	1146
2153	114	1146
2154	114	1146
2161	114	1146
2162	114	1146
2163	114	1146
2164	114	1146
2171	114	1146
2172	114	1146
2173	114	1146
2174	114	1146
2181	114	1146
2182	114	1144
2183	114	1146
2184	114	1146
2191	114	1146
2192	114	1144
2193	114	1146
2194	114	1146
2201	114	1144
2202	114	1146
2203	114	1146
2204	114	1146
2211	114	1144
2212	114	1144
2213	114	1146
2214	114	1146
2221	114	1144
2222	114	1144
2223	114	1146
2224	114	1146
2231	114	1144
2232	114	1144
2233	114	1144
2234	114	1144
2241	109	1091
2242	109	1091
2243	109	1091
2244	109	1091
2251	109	1092
2252	109	1092
2253	109	1092
2254	109	1091
2261	109	1093
2262	109	1092
2263	109	1092
2264	109	1092
2271	109	1093
2272	109	1093
2273	109	1093
2274	109	1093
2281	109	1094
2282	109	1094
2283	109	1094
2284	109	1094
2291	109	1094
2292	109	1094
2293	109	1094
2294	109	1094
2301	109	1094
2302	109	1094
2303	109	1094
2304	109	1094
2311	109	1094
2312	109	1094
2313	109	1094
2314	109	1094
2401	110	1101
2402	110	1101
2403	110	1101
2404	110	1101
2411	110	1101
2412	110	1101
2413	110	1101
2414	110	1101
2421	110	1101
2422	110	1101
2423	110	1101
2424	110	1101
2501	115	1151
2502	115	1151
2503	115	1151
2504	115	1151
2511	115	1151
2512	115	1151
2513	115	1151
2514	115	1151
2521	115	1151
2522	115	1151
2523	115	1151
2524	115	1151
2531	115	1151
2532	115	1151
2533	115	1151
2534	115	1151
2541	115	1151
2542	115	1151
2543	115	1151
2544	115	1151
2551	115	1151
2552	115	1151
2553	115	1151
2554	115	1151
2561	115	1151
2562	115	1151
2563	115	1151
2564	115	1151
2571	115	1151
2572	115	1151
2573	115	1151
2574	115	1151
2581	114	1141
2582	114	1141
2583	114	1141
2584	114	1141
2591	114	1141
2592	114	1141
2593	114	1142
2594	114	1142
2601	114	1142
2602	114	1141
2603	114	1142
2604	114	1142
2611	114	1142
2612	114	1142
2613	114	1142
2614	114	1142
2621	114	1142
2622	114	1142
2623	114	1142
2624	114	1142
2631	114	1143
2632	114	1142
2633	114	1143
2634	114	1143
2641	114	1146
2642	114	1146
2643	114	1146
2644	114	1146
2651	114	1146
2652	114	1146
2653	114	1146
2654	114	1146
2661	114	1146
2662	114	1146
2663	114	1146
2664	114	1146
2671	114	1144
2672	114	1144
2673	114	1146
2674	114	1146
2681	114	1144
2682	114	1144
2683	114	1144
2684	114	1144
2691	114	1144
2692	114	1144
2693	114	1146
2694	114	1144
2701	114	1145
2702	114	1144
2703	114	1144
2704	114	1144
2711	114	1145
2712	114	1145
2713	114	1144
2714	114	1144
2721	114	1145
2722	114	1145
2723	114	1144
2724	114	1144
2731	114	1145
2732	114	1145
2733	114	1144
2734	114	1144
2741	101	1015
2742	108	1082
2743	109	1092
2744	109	1091
2751	109	1093
2752	109	1092
2753	109	1092
2754	109	1092
2761	109	1093
2762	109	1093
2763	109	1093
2764	109	1093
2771	109	1093
2772	109	1093
2773	109	1093
2774	109	1093
2781	109	1094
2782	109	1094
2783	109	1094
2784	109	1093
2791	109	1094
2792	109	1094
2793	109	1094
2794	109	1094
2801	109	1094
2802	109	1094
2803	109	1094
2804	109	1094
2811	109	1094
2812	109	1094
2813	109	1094
2814	109	1094
2821	109	1094
2822	109	1094
2823	109	1094
2824	109	1094
2831	109	1094
2832	109	1094
2833	109	1094
2834	109	1094
2901	110	1101
2902	110	1101
2903	110	1101
2904	110	1101
3001	115	1151
3002	115	1151
3003	115	1151
3004	115	1151
3011	115	1151
3012	115	1151
3013	115	1151
3014	115	1151
3021	115	1151
3022	115	1151
3023	115	1151
3024	115	1151
3031	115	1151
3032	115	1151
3033	115	1151
3034	115	1151
3041	115	1151
3042	115	1151
3043	115	1151
3044	115	1151
3051	115	1151
3052	115	1151
3053	115	1151
3054	115	1151
3061	115	1151
3062	115	1151
3063	115	1151
3064	115	1151
3071	115	1151
3072	115	1151
3073	115	1151
3074	115	1151
3081	113	1132
3082	113	1132
3083	114	1141
3084	113	1132
3091	114	1141
3092	114	1141
3093	114	1141
3094	114	1141
3101	106	1061
3102	106	1061
3103	106	1061
3104	106	1061
3111	106	1061
3112	106	1061
3113	106	1061
3114	106	1061
3121	114	1142
3122	106	1061
3123	114	1142
3124	106	1061
3131	114	1143
3132	114	1142
3133	114	1143
3134	114	1142
3141	114	1143
3142	114	1143
3143	114	1146
3144	114	1146
3151	107	1071
3152	114	1143
3153	114	1144
3154	114	1146
3161	107	1071
3162	107	1071
3163	114	1144
3164	114	1144
3171	107	1071
3172	107	1071
3173	114	1144
3174	114	1144
3181	107	1071
3182	107	1071
3183	114	1144
3184	114	1144
3191	108	1081
3192	108	1081
3193	114	1144
3194	114	1144
3201	108	1081
3202	108	1081
3203	108	1082
3204	108	1082
3211	108	1081
3212	108	1081
3213	108	1082
3214	108	1082
3221	108	1082
3222	108	1082
3223	108	1082
3224	108	1082
3231	108	1082
3232	108	1082
3233	108	1082
3234	114	1145
3241	101	1015
3242	101	1012
3243	101	1015
3244	108	1082
3251	101	1015
3252	101	1015
3253	109	1093
3254	101	1015
3261	109	1093
3262	109	1095
3263	109	1093
3264	109	1093
3271	109	1094
3272	109	1093
3273	109	1093
3274	109	1093
3281	109	1094
3282	109	1094
3283	109	1094
3284	109	1094
3291	109	1094
3292	109	1094
3293	109	1094
3294	109	1094
3301	109	1094
3302	109	1094
3303	109	1094
3304	109	1094
3311	109	1094
3312	109	1094
3313	109	1094
3314	109	1094
3321	109	1094
3322	109	1094
3323	109	1094
3324	109	1094
3331	109	1094
3332	109	1094
3333	109	1094
3334	109	1094
3341	109	1094
3342	109	1094
3343	109	1094
3344	109	1094
3351	109	1094
3352	109	1094
3353	109	1094
3354	109	1094
3361	109	1094
3362	109	1094
3363	109	1094
3364	109	1094
3391	110	1101
3392	110	1101
3393	110	1101
3394	110	1101
3401	110	1101
3402	110	1101
3403	110	1101
3404	110	1101
3501	115	1151
3502	115	1151
3503	115	1151
3504	115	1151
3511	115	1151
3512	115	1151
3513	115	1151
3514	115	1151
3521	115	1151
3522	115	1151
3523	115	1151
3524	115	1151
3531	115	1151
3532	115	1151
3533	115	1151
3534	115	1151
3541	115	1151
3542	115	1151
3543	115	1151
3544	115	1151
3551	115	1151
3552	115	1151
3553	115	1151
3554	115	1151
3561	115	1151
3562	115	1151
3563	115	1151
3564	115	1151
3571	115	1151
3572	115	1151
3573	115	1151
3574	115	1151
3581	113	1132
3582	113	1132
3583	113	1132
3584	113	1132
3591	113	1132
3592	113	1132
3593	113	1132
3594	113	1132
3601	106	1061
3602	113	1132
3603	106	1061
3604	106	1061
3611	106	1061
3612	106	1061
3613	106	1061
3614	106	1061
3621	114	1142
3622	106	1061
3623	114	1142
3624	106	1061
3631	107	1071
3632	114	1142
3633	114	1143
3634	114	1142
3641	107	1071
3642	107	1071
3643	107	1071
3644	114	1143
3651	107	1071
3652	107	1071
3653	107	1071
3654	107	1071
3661	107	1071
3662	107	1071
3663	107	1071
3664	107	1071
3671	107	1071
3672	107	1071
3673	107	1071
3674	107	1071
3693	108	1081
3701	108	1081
3702	108	1081
3703	108	1081
3704	108	1081
3711	108	1081
3712	108	1081
3713	108	1081
3714	108	1081
3721	108	1081
3722	108	1081
3723	108	1081
3724	108	1081
3731	101	1012
3732	101	1012
3733	101	1012
3734	108	1081
3741	101	1015
3742	101	1015
3743	101	1015
3744	101	1012
3751	101	1015
3752	101	1015
3753	101	1015
3754	101	1015
3761	109	1095
3762	101	1015
3763	109	1095
3764	109	1095
3771	109	1093
3772	109	1095
3773	109	1093
3774	109	1093
3781	109	1094
3782	109	1093
3783	109	1094
3784	109	1094
3791	109	1094
3792	109	1094
3793	109	1094
3794	109	1094
3801	109	1094
3802	109	1094
3803	109	1094
3804	109	1094
3811	109	1094
3812	109	1094
3813	109	1094
3814	109	1094
3821	109	1094
3822	109	1094
3823	109	1094
3824	109	1094
3831	109	1094
3832	109	1094
3833	109	1094
3834	109	1094
3841	109	1094
3842	109	1094
3843	109	1094
3844	109	1094
3851	109	1094
3852	109	1094
3853	109	1094
3854	109	1094
3861	109	1094
3862	109	1094
3863	109	1094
3864	109	1094
3871	110	1101
3872	110	1101
3873	110	1101
3874	110	1101
3881	110	1101
3882	110	1101
3883	110	1101
3884	110	1101
3891	110	1101
3892	110	1101
3893	110	1101
3894	110	1101
4001	115	1151
4002	115	1151
4003	115	1151
4004	115	1151
4011	115	1151
4012	115	1151
4013	115	1151
4014	115	1151
4021	115	1151
4022	115	1151
4023	115	1151
4024	115	1151
4031	115	1151
4032	115	1151
4033	115	1151
4034	115	1151
4041	115	1151
4042	115	1151
4043	115	1151
4044	115	1151
4051	115	1151
4052	115	1151
4053	115	1151
4054	115	1151
4061	115	1151
4062	115	1151
4063	115	1151
4064	115	1151
4071	115	1151
4072	115	1151
4073	115	1151
4074	115	1151
4081	113	1132
4082	113	1132
4083	113	1132
4084	113	1132
4091	113	1132
4092	113	1132
4093	113	1132
4094	113	1132
4101	106	1061
4102	113	1132
4103	106	1061
4104	113	1132
4111	106	1061
4112	106	1061
4113	106	1061
4114	106	1061
4121	105	1054
4122	105	1054
4123	105	1054
4124	105	1054
4131	105	1054
4132	105	1054
4133	105	1054
4134	105	1054
4141	107	1071
4142	107	1071
4143	107	1071
4144	107	1071
4151	107	1071
4152	107	1071
4153	107	1071
4154	107	1071
4163	107	1071
4164	107	1071
4211	101	1011
4213	101	1011
4221	101	1011
4222	101	1011
4223	101	1012
4224	101	1011
4231	101	1012
4232	101	1012
4233	101	1012
4234	101	1012
4241	101	1012
4242	101	1012
4243	101	1015
4244	101	1015
4251	101	1015
4252	101	1015
4253	101	1015
4254	101	1015
4261	101	1015
4262	101	1015
4263	101	1015
4264	101	1015
4271	109	1095
4272	109	1095
4273	109	1093
4274	109	1095
4281	109	1093
4282	109	1093
4283	109	1094
4284	109	1093
4291	109	1094
4292	109	1094
4293	109	1094
4294	109	1094
4301	109	1094
4302	109	1094
4303	109	1094
4304	109	1094
4311	109	1094
4312	109	1094
4313	109	1094
4314	109	1094
4321	109	1094
4322	109	1094
4323	109	1094
4324	109	1094
4331	109	1094
4332	109	1094
4333	109	1094
4334	109	1094
4341	109	1094
4342	109	1094
4343	109	1094
4344	109	1094
4351	109	1094
4352	109	1094
4353	109	1094
4354	109	1094
4361	110	1101
4362	110	1101
4363	110	1101
4364	110	1101
4371	110	1101
4372	110	1101
4373	110	1101
4374	110	1101
4381	110	1101
4382	110	1101
4383	110	1101
4384	110	1101
4501	115	1151
4502	115	1151
4503	115	1151
4504	115	1151
4511	115	1151
4512	115	1151
4513	115	1151
4514	115	1151
4521	115	1151
4522	115	1151
4523	115	1151
4524	115	1151
4531	115	1151
4532	115	1151
4533	115	1151
4534	115	1151
4541	115	1151
4542	115	1151
4543	115	1151
4544	115	1151
4551	115	1151
4552	115	1151
4553	115	1151
4554	115	1151
4561	115	1151
4562	115	1151
4563	115	1151
4564	115	1151
4571	115	1151
4572	115	1151
4573	115	1151
4574	115	1151
4581	115	1151
4582	115	1151
4583	115	1151
4584	115	1151
4591	113	1132
4592	115	1151
4593	113	1132
4594	115	1151
4601	105	1053
4602	113	1132
4603	105	1053
4604	113	1132
4611	105	1053
4612	113	1132
4613	105	1053
4614	105	1053
4621	105	1051
4622	105	1051
4623	105	1051
4624	105	1051
4631	105	1051
4632	105	1051
4633	105	1051
4634	105	1051
4642	105	1051
4644	105	1051
4721	101	1011
4722	101	1011
4723	101	1011
4724	101	1011
4731	101	1013
4732	101	1013
4733	101	1012
4734	101	1011
4741	101	1014
4742	101	1015
4743	101	1015
4744	101	1015
4751	101	1014
4752	101	1014
4753	101	1015
4754	101	1015
4761	101	1015
4762	101	1014
4763	101	1015
4764	101	1015
4771	109	1095
4772	101	1015
4773	109	1095
4774	101	1015
4781	109	1093
4782	109	1093
4783	109	1093
4784	109	1093
4791	109	1094
4792	109	1094
4793	109	1094
4794	109	1093
4801	109	1094
4802	109	1094
4803	109	1094
4804	109	1094
4811	109	1094
4812	109	1094
4813	109	1094
4814	109	1094
4821	109	1094
4822	109	1094
4823	109	1094
4824	109	1094
4831	109	1093
4832	109	1093
4833	109	1093
4834	109	1093
4841	109	1093
4842	109	1093
4843	109	1093
4844	109	1093
4851	110	1101
4852	110	1101
4853	110	1101
4854	110	1101
4861	110	1101
4862	110	1101
4863	110	1101
4864	110	1101
4871	110	1101
4872	110	1101
4873	110	1101
4874	110	1101
4881	110	1101
4882	110	1101
4883	110	1101
4884	110	1101
5001	115	1151
5002	115	1151
5003	115	1151
5004	115	1151
5011	115	1151
5012	115	1151
5013	115	1151
5014	115	1151
5021	115	1151
5022	115	1151
5023	115	1151
5024	115	1151
5031	115	1151
5032	115	1151
5033	115	1151
5034	115	1151
5041	115	1151
5042	115	1151
5043	115	1151
5044	115	1151
5051	115	1151
5052	115	1151
5053	115	1151
5054	115	1151
5061	115	1151
5062	115	1151
5063	115	1151
5064	115	1151
5071	115	1151
5072	115	1151
5073	115	1151
5074	115	1151
5081	113	1132
5082	115	1151
5083	115	1151
5084	115	1151
5091	113	1132
5092	113	1132
5093	113	1132
5094	113	1132
5101	113	1132
5102	113	1132
5103	113	1132
5104	113	1132
5111	105	1053
5112	113	1132
5113	105	1053
5114	113	1132
5121	105	1051
5122	105	1053
5123	105	1051
5124	105	1053
5131	105	1051
5132	105	1051
5133	105	1051
5134	105	1051
5142	105	1051
5143	105	1051
5144	105	1051
5201	102	1021
5211	101	1013
5212	102	1021
5213	101	1013
5214	102	1021
5221	101	1013
5222	101	1013
5223	101	1013
5224	101	1013
5231	101	1013
5232	101	1013
5233	101	1013
5234	101	1013
5241	101	1014
5242	101	1013
5243	101	1014
5244	101	1013
5251	101	1014
5252	101	1014
5253	101	1014
5254	101	1014
5261	101	1014
5262	101	1014
5263	101	1014
5264	101	1014
5271	109	1095
5272	101	1015
5273	109	1095
5274	101	1015
5281	109	1093
5282	109	1095
5283	109	1093
5284	109	1095
5291	109	1093
5292	109	1093
5293	109	1094
5294	109	1094
5301	109	1093
5302	109	1093
5303	109	1094
5304	109	1094
5311	109	1093
5312	109	1093
5313	109	1094
5314	109	1094
5321	109	1093
5322	109	1093
5323	109	1094
5324	109	1094
5331	109	1093
5332	109	1093
5333	109	1093
5334	109	1093
5341	110	1101
5342	110	1101
5343	110	1101
5344	110	1101
5351	110	1101
5352	110	1101
5353	110	1101
5354	110	1101
5361	110	1101
5362	110	1101
5363	110	1101
5364	110	1101
5371	110	1101
5372	110	1101
5373	110	1101
5374	110	1101
5501	115	1151
5502	115	1151
5503	115	1151
5504	115	1151
5511	115	1151
5512	115	1151
5513	115	1151
5514	115	1151
5521	115	1151
5522	115	1151
5523	115	1151
5524	115	1151
5531	115	1151
5532	115	1151
5533	115	1151
5534	115	1151
5541	115	1151
5542	115	1151
5543	115	1151
5544	115	1151
5551	115	1151
5552	115	1151
5553	115	1151
5554	115	1151
5561	115	1151
5562	115	1151
5563	115	1151
5564	115	1151
5571	115	1151
5572	115	1151
5573	115	1151
5574	115	1151
5581	113	1132
5582	115	1151
5583	113	1132
5584	115	1151
5591	113	1132
5592	113	1132
5593	113	1132
5594	113	1132
5601	113	1131
5602	113	1131
5603	113	1132
5604	113	1132
5611	105	1053
5612	113	1132
5613	105	1053
5614	113	1132
5621	105	1053
5622	105	1053
5623	105	1053
5624	105	1053
5631	105	1053
5632	105	1053
5633	105	1051
5634	105	1051
5641	105	1052
5642	105	1052
5643	105	1051
5644	105	1051
5671	103	1031
5672	103	1031
5681	103	1031
5682	103	1031
5684	103	1031
5691	103	1031
5692	103	1031
5693	103	1031
5694	103	1031
5701	103	1031
5702	103	1031
5703	102	1021
5704	103	1031
5711	102	1021
5712	102	1021
5713	102	1021
5714	102	1021
5721	102	1022
5722	102	1022
5723	101	1013
5724	101	1013
5731	102	1022
5732	102	1022
5733	102	1022
5734	102	1022
5741	102	1022
5742	102	1022
5743	102	1022
5744	102	1022
5751	102	1022
5752	102	1022
5753	102	1022
5754	102	1022
5761	102	1023
5762	102	1023
5763	102	1023
5764	102	1022
5771	109	1095
5772	109	1095
5773	109	1095
5774	102	1023
5781	110	1101
5782	109	1095
5783	109	1095
5784	109	1095
5791	110	1101
5792	110	1101
5793	110	1101
5794	109	1095
5801	110	1101
5802	110	1101
5803	110	1101
5804	110	1101
5811	110	1101
5812	110	1101
5813	110	1101
5814	110	1101
5821	110	1101
5822	110	1101
5823	110	1101
5824	110	1101
5831	110	1101
5832	110	1101
5833	110	1101
5834	110	1101
5841	110	1101
5842	110	1101
5843	110	1101
5844	110	1101
5851	110	1101
5852	110	1101
5853	110	1101
5854	110	1101
5861	110	1101
5862	110	1101
5863	110	1101
5864	110	1101
6001	115	1151
6002	115	1151
6003	115	1151
6004	115	1151
6011	115	1151
6012	115	1151
6013	115	1151
6014	115	1151
6021	115	1151
6022	115	1151
6023	115	1151
6024	115	1151
6031	115	1151
6032	115	1151
6033	115	1151
6034	115	1151
6041	115	1151
6042	115	1151
6043	115	1151
6044	115	1151
6051	115	1151
6052	115	1151
6053	115	1151
6054	115	1151
6061	115	1151
6062	115	1151
6063	115	1151
6064	115	1151
6071	115	1151
6072	115	1151
6073	115	1151
6074	115	1151
6081	113	1131
6082	113	1131
6083	113	1131
6084	113	1131
6091	113	1131
6092	113	1131
6093	113	1131
6094	113	1132
6101	113	1131
6102	113	1131
6103	113	1131
6104	113	1131
6111	113	1131
6112	113	1131
6113	105	1053
6114	113	1131
6121	105	1052
6122	113	1131
6123	105	1052
6124	105	1053
6131	105	1052
6132	105	1052
6133	105	1052
6134	105	1052
6141	105	1052
6142	105	1052
6143	105	1052
6144	105	1052
6151	104	1041
6152	104	1041
6153	104	1041
6154	104	1041
6161	104	1041
6162	104	1041
6163	104	1041
6164	104	1041
6171	103	1031
6172	103	1031
6173	103	1031
6174	103	1031
6181	103	1032
6182	103	1031
6183	103	1031
6184	103	1031
6191	103	1031
6192	103	1032
6193	103	1031
6194	103	1031
6201	103	1031
6202	103	1031
6203	103	1031
6204	103	1031
6211	102	1021
6212	102	1021
6213	102	1021
6214	102	1021
6221	102	1022
6222	102	1021
6223	102	1022
6224	102	1022
6231	102	1022
6232	102	1022
6233	102	1022
6234	102	1022
6241	102	1022
6242	102	1022
6243	102	1022
6244	102	1022
6251	102	1023
6252	102	1023
6253	102	1023
6254	102	1022
6261	109	1095
6262	109	1095
6263	109	1095
6264	102	1023
6271	110	1101
6272	110	1101
6273	110	1101
6274	109	1095
6281	110	1101
6282	110	1101
6283	110	1101
6284	110	1101
6291	110	1101
6292	110	1101
6293	110	1101
6294	110	1101
6301	110	1101
6302	110	1101
6303	110	1101
6304	110	1101
6311	110	1101
6312	110	1101
6313	110	1101
6314	110	1101
6321	110	1101
6322	110	1101
6323	110	1101
6324	110	1101
6331	110	1101
6332	110	1101
6333	110	1101
6334	110	1101
6341	110	1101
6342	110	1101
6343	110	1101
6344	110	1101
6351	110	1101
6352	110	1101
6353	110	1101
6354	110	1101
6501	115	1151
6502	115	1151
6503	115	1151
6504	115	1151
6511	115	1151
6512	115	1151
6513	115	1151
6514	115	1151
6521	115	1151
6522	115	1151
6523	115	1151
6524	115	1151
6531	115	1151
6532	115	1151
6533	115	1151
6534	115	1151
6541	115	1151
6542	115	1151
6543	115	1151
6544	115	1151
6551	115	1151
6552	115	1151
6553	115	1151
6554	115	1151
6561	115	1151
6562	115	1151
6563	115	1151
6564	115	1151
6571	115	1151
6572	115	1151
6573	115	1151
6574	115	1151
6581	113	1133
6582	113	1133
6583	113	1133
6584	113	1133
6591	113	1133
6592	113	1133
6593	113	1131
6594	113	1133
6601	113	1131
6602	113	1131
6603	113	1131
6604	113	1131
6611	113	1131
6612	113	1131
6613	113	1131
6614	113	1131
6621	113	1131
6622	113	1131
6623	104	1042
6624	113	1131
6631	104	1042
6632	104	1042
6633	104	1041
6634	104	1042
6641	104	1041
6642	104	1042
6643	104	1041
6644	104	1041
6651	104	1042
6652	104	1041
6653	104	1041
6654	104	1041
6661	104	1041
6662	104	1042
6663	104	1041
6664	104	1041
6671	103	1032
6672	103	1032
6673	103	1032
6674	103	1032
6681	103	1032
6682	103	1032
6683	103	1032
6684	103	1032
6691	103	1032
6692	103	1032
6693	103	1032
6694	103	1032
6701	103	1032
6702	103	1032
6703	103	1032
6704	103	1032
6711	102	1021
6712	102	1021
6713	102	1021
6714	102	1021
6721	102	1021
6722	102	1021
6723	102	1021
6724	102	1021
6731	102	1022
6732	103	1032
6733	102	1022
6734	102	1022
6741	102	1023
6742	102	1022
6743	102	1023
6744	102	1022
6751	109	1095
6752	109	1095
6753	109	1095
6754	102	1023
6761	109	1095
6762	109	1095
6763	109	1095
6764	109	1095
6771	110	1101
6772	110	1101
6773	110	1101
6774	110	1101
6781	110	1101
6782	110	1101
6783	110	1101
6784	110	1101
6791	110	1101
6792	110	1101
6793	110	1101
6794	110	1101
6801	110	1101
6802	110	1101
6803	110	1101
6804	110	1101
6811	110	1101
6812	110	1101
6813	110	1101
6814	110	1101
6821	110	1101
6822	110	1101
6823	110	1101
6824	110	1101
6831	110	1101
6832	110	1101
6833	110	1101
6834	110	1101
7001	115	1151
7002	115	1151
7003	115	1151
7004	115	1151
7011	115	1151
7012	115	1151
7013	115	1151
7014	115	1151
7021	115	1151
7022	115	1151
7023	115	1151
7024	115	1151
7031	115	1151
7032	115	1151
7033	115	1151
7034	115	1151
7041	115	1151
7042	115	1151
7043	115	1151
7044	115	1151
7051	115	1151
7052	115	1151
7053	115	1151
7054	115	1151
7061	115	1151
7062	115	1151
7063	115	1151
7064	115	1151
7071	115	1151
7072	115	1151
7073	115	1151
7074	115	1151
7081	113	1133
7082	113	1133
7083	113	1133
7084	113	1133
7091	113	1133
7092	113	1133
7093	113	1131
7094	113	1131
7101	113	1133
7102	113	1133
7103	113	1133
7104	113	1131
7111	113	1133
7112	113	1133
7113	113	1133
7114	113	1133
7121	113	1133
7122	113	1133
7123	113	1133
7124	113	1133
7131	113	1133
7132	113	1133
7133	113	1133
7134	113	1133
7141	111	1112
7142	111	1112
7143	104	1042
7144	104	1042
7151	111	1112
7152	111	1112
7153	104	1042
7154	104	1042
7161	111	1112
7162	111	1112
7163	104	1042
7164	104	1042
7171	111	1111
7172	111	1111
7173	103	1032
7174	103	1032
7181	103	1032
7182	111	1111
7183	103	1032
7184	103	1032
7191	103	1032
7192	103	1032
7193	103	1032
7194	103	1032
7201	103	1032
7202	103	1032
7203	103	1032
7204	103	1032
7211	103	1032
7212	103	1032
7213	103	1032
7214	103	1032
7221	103	1032
7222	103	1032
7223	103	1032
7224	103	1032
7231	111	1111
7232	103	1032
7233	103	1032
7234	103	1032
7241	112	1121
7242	111	1111
7243	109	1095
7244	103	1032
7251	109	1095
7252	109	1095
7253	109	1095
7254	109	1095
7261	110	1101
7262	109	1095
7263	110	1101
7264	109	1095
7271	110	1101
7272	110	1101
7273	110	1101
7274	110	1101
7281	110	1101
7282	110	1101
7283	110	1101
7284	110	1101
7291	110	1101
7292	110	1101
7293	110	1101
7294	110	1101
7301	110	1101
7302	110	1101
7303	110	1101
7304	110	1101
7311	110	1101
7312	110	1101
7313	110	1101
7314	110	1101
7321	110	1101
7322	110	1101
7323	110	1101
7324	110	1101
7331	110	1101
7332	110	1101
7333	110	1101
7334	110	1101
7501	115	1151
7502	115	1151
7503	115	1151
7504	115	1151
7511	115	1151
7512	115	1151
7513	115	1151
7514	115	1151
7521	115	1151
7522	115	1151
7523	115	1151
7524	115	1151
7531	115	1151
7532	115	1151
7533	115	1151
7534	115	1151
7541	115	1151
7542	115	1151
7543	115	1151
7544	115	1151
7551	115	1151
7552	115	1151
7553	115	1151
7554	115	1151
7561	115	1151
7562	115	1151
7563	115	1151
7564	115	1151
7571	115	1151
7572	115	1151
7573	115	1151
7574	115	1151
7581	115	1151
7582	115	1151
7583	113	1133
7584	113	1133
7591	113	1133
7592	115	1151
7593	113	1133
7594	113	1133
7601	113	1133
7602	113	1133
7603	113	1133
7604	113	1133
7611	113	1133
7612	113	1133
7613	113	1133
7614	113	1133
7621	113	1133
7622	113	1133
7623	113	1133
7624	113	1133
7631	113	1133
7632	113	1133
7633	113	1133
7634	113	1133
7641	112	1121
7642	112	1121
7643	111	1112
7644	112	1121
7651	112	1121
7652	112	1121
7653	111	1112
7654	111	1112
7661	112	1121
7662	112	1121
7663	111	1112
7664	111	1112
7671	112	1121
7672	112	1121
7673	111	1111
7674	111	1111
7681	111	1111
7682	111	1111
7683	103	1032
7684	111	1111
7691	111	1111
7692	111	1111
7693	103	1032
7694	103	1032
7701	111	1111
7702	111	1111
7703	111	1111
7704	103	1032
7711	111	1111
7712	111	1111
7713	111	1111
7714	111	1111
7721	111	1111
7722	111	1111
7723	111	1111
7724	111	1111
7731	112	1121
7732	112	1121
7733	111	1111
7734	111	1111
7741	112	1121
7742	112	1121
7743	112	1121
7744	112	1121
7751	109	1095
7752	112	1121
7753	109	1095
7754	109	1095
7761	110	1101
7762	110	1101
7763	110	1101
7764	110	1101
7771	110	1101
7772	110	1101
7773	110	1101
7774	110	1101
7781	110	1101
7782	110	1101
7783	110	1101
7784	110	1101
7791	110	1101
7792	110	1101
7793	110	1101
7794	110	1101
7801	110	1101
7802	110	1101
7803	110	1101
7804	110	1101
7811	110	1101
7812	110	1101
7813	110	1101
7814	110	1101
7821	110	1101
7822	110	1101
7823	110	1101
7824	110	1101
8001	115	1151
8002	115	1151
8003	115	1151
8004	115	1151
8011	115	1151
8012	115	1151
8013	115	1151
8014	115	1151
8021	115	1151
8022	115	1151
8023	115	1151
8024	115	1151
8031	115	1151
8032	115	1151
8033	115	1151
8034	115	1151
8041	115	1151
8042	115	1151
8043	115	1151
8044	115	1151
8051	115	1151
8052	115	1151
8053	115	1151
8054	115	1151
8061	115	1151
8062	115	1151
8063	115	1151
8064	115	1151
8071	115	1151
8072	115	1151
8073	115	1151
8074	115	1151
8081	113	1133
8082	115	1151
8083	115	1151
8084	115	1151
8091	113	1133
8092	113	1133
8093	113	1133
8094	113	1133
8101	113	1133
8102	113	1133
8103	113	1133
8104	113	1133
8111	113	1133
8112	113	1133
8113	113	1133
8114	113	1133
8121	113	1133
8122	113	1133
8123	113	1133
8124	113	1133
8131	113	1133
8132	113	1133
8133	113	1133
8134	113	1133
8141	112	1121
8142	112	1121
8143	112	1121
8144	112	1121
8151	112	1121
8152	112	1121
8153	112	1121
8154	112	1121
8161	112	1121
8162	112	1121
8163	112	1121
8164	112	1121
8171	112	1121
8172	112	1121
8173	112	1121
8174	112	1121
8181	112	1121
8182	111	1111
8183	111	1111
8184	111	1111
8191	112	1121
8192	112	1121
8193	112	1121
8194	112	1121
8201	112	1121
8202	112	1121
8203	111	1111
8204	111	1111
8211	111	1111
8212	111	1111
8213	111	1111
8214	111	1111
8221	112	1121
8222	112	1121
8223	112	1121
8224	111	1111
8231	112	1121
8232	112	1121
8233	112	1121
8234	112	1121
8241	112	1121
8242	112	1121
8243	112	1121
8244	112	1121
8251	110	1101
8252	110	1101
8253	110	1101
8254	112	1121
8261	110	1101
8262	110	1101
8263	110	1101
8264	110	1101
8271	110	1101
8272	110	1101
8273	110	1101
8274	110	1101
8281	110	1101
8282	110	1101
8283	110	1101
8284	110	1101
8291	110	1101
8292	110	1101
8293	110	1101
8294	110	1101
8303	110	1101
8304	110	1101
8313	110	1101
8314	110	1101
8501	115	1151
8502	115	1151
8503	115	1151
8504	115	1151
8511	115	1151
8512	115	1151
8513	115	1151
8514	115	1151
8521	115	1151
8522	115	1151
8523	115	1151
8524	115	1151
8531	115	1151
8532	115	1151
8533	115	1151
8534	115	1151
8541	115	1151
8542	115	1151
8543	115	1151
8544	115	1151
8551	115	1151
8552	115	1151
8553	115	1151
8554	115	1151
8561	115	1151
8562	115	1151
8563	115	1151
8564	115	1151
8571	113	1133
8572	113	1133
8573	113	1133
8574	113	1133
8581	113	1133
8582	113	1133
8583	113	1133
8584	113	1133
8591	113	1133
8592	113	1133
8593	113	1133
8594	113	1133
8601	113	1133
8602	113	1133
8603	113	1133
8604	113	1133
8611	113	1133
8612	113	1133
8613	113	1133
8614	113	1133
8621	113	1133
8622	113	1133
8623	113	1133
8624	113	1133
8631	113	1133
8632	113	1133
8633	113	1133
8634	113	1133
8641	112	1121
8642	112	1121
8643	112	1121
8644	112	1121
8651	112	1121
8652	112	1121
8653	112	1121
8654	112	1121
8661	112	1121
8662	112	1121
8663	112	1121
8664	112	1121
8671	112	1121
8672	112	1121
8673	112	1121
8674	112	1121
8681	112	1121
8682	112	1121
8683	112	1121
8684	112	1121
8691	112	1121
8692	112	1121
8693	112	1121
8694	112	1121
8701	112	1121
8702	112	1121
8703	112	1121
8704	112	1121
8711	112	1121
8712	112	1121
8713	112	1121
8714	112	1121
8721	110	1101
8722	112	1121
8723	112	1121
8724	112	1121
8731	110	1101
8732	110	1101
8733	112	1121
8734	112	1121
8741	110	1101
8742	110	1101
8743	112	1121
8744	112	1121
8751	110	1101
8752	110	1101
8753	110	1101
8754	110	1101
8762	110	1101
8763	110	1101
8764	110	1101
8773	110	1101
8774	110	1101
9001	115	1151
9002	115	1151
9003	115	1151
9004	115	1151
9011	115	1151
9012	115	1151
9013	115	1151
9014	115	1151
9021	115	1151
9022	115	1151
9023	115	1151
9024	115	1151
9031	115	1151
9032	115	1151
9033	115	1151
9034	115	1151
9041	115	1151
9042	115	1151
9043	115	1151
9044	115	1151
9051	115	1151
9052	115	1151
9053	115	1151
9054	115	1151
9061	113	1133
9062	113	1133
9063	113	1133
9064	113	1133
9071	113	1133
9072	113	1133
9073	113	1133
9074	113	1133
9081	113	1133
9082	113	1133
9083	113	1133
9084	113	1133
9091	113	1133
9092	113	1133
9093	113	1133
9094	113	1133
9101	113	1133
9102	113	1133
9103	113	1133
9104	113	1133
9111	113	1133
9112	113	1133
9113	113	1133
9114	113	1133
9121	113	1133
9122	113	1133
9123	113	1133
9124	113	1133
9131	113	1133
9132	113	1133
9133	113	1133
9134	113	1133
9141	112	1121
9142	113	1133
9143	112	1121
9144	113	1133
9151	112	1121
9152	112	1121
9153	112	1121
9154	112	1121
9161	112	1121
9162	112	1121
9163	112	1121
9164	112	1121
9171	112	1121
9172	112	1121
9173	112	1121
9174	112	1121
9181	112	1121
9182	112	1121
9183	112	1121
9184	112	1121
9191	112	1121
9192	112	1121
9193	112	1121
9194	112	1121
9201	110	1101
9202	110	1101
9203	112	1121
9204	112	1121
9211	110	1101
9212	110	1101
9213	110	1101
9214	112	1121
9221	110	1101
9222	110	1101
9223	110	1101
9224	110	1101
9231	110	1101
9232	110	1101
9233	110	1101
9234	110	1101
9241	110	1101
9242	110	1101
9243	110	1101
9244	110	1101
9252	110	1101
9253	110	1101
9254	110	1101
9501	115	1151
9502	115	1151
9503	115	1151
9504	115	1151
9511	115	1151
9512	115	1151
9513	115	1151
9514	115	1151
9521	115	1151
9522	115	1151
9523	115	1151
9524	115	1151
9531	115	1151
9532	115	1151
9533	115	1151
9534	115	1151
9541	115	1151
9542	115	1151
9543	115	1151
9544	115	1151
9551	113	1133
9552	113	1133
9553	113	1133
9554	113	1133
9561	113	1133
9562	113	1133
9563	113	1133
9564	113	1133
9571	113	1133
9572	113	1133
9573	113	1133
9574	113	1133
9581	113	1133
9582	113	1133
9583	113	1133
9584	113	1133
9591	113	1133
9592	113	1133
9593	113	1133
9594	113	1133
9601	113	1133
9602	113	1133
9603	113	1133
9604	113	1133
9611	113	1133
9612	113	1133
9613	113	1133
9614	113	1133
9621	113	1133
9622	113	1133
9623	113	1133
9624	113	1133
9631	113	1133
9632	113	1133
9633	113	1133
9634	113	1133
9641	112	1121
9642	112	1121
9643	112	1121
9644	112	1121
9651	112	1121
9652	112	1121
9653	112	1121
9654	112	1121
9661	112	1121
9662	112	1121
9663	112	1121
9664	112	1121
9671	112	1121
9672	112	1121
9673	112	1121
9674	112	1121
9681	112	1121
9682	112	1121
9683	112	1121
9684	112	1121
9691	110	1101
9692	110	1101
9693	110	1101
9694	112	1121
9701	110	1101
9702	110	1101
9703	110	1101
9704	110	1101
9711	110	1101
9712	110	1101
9713	110	1101
9714	110	1101
9721	110	1101
9722	110	1101
9723	110	1101
9724	110	1101
9732	110	1101
9733	110	1101
9734	110	1101
9744	110	1101
10001	115	1151
10002	115	1151
10003	115	1151
10004	115	1151
10011	115	1151
10012	115	1151
10013	115	1151
10014	115	1151
10021	115	1151
10022	115	1151
10023	115	1151
10024	115	1151
10031	115	1151
10032	115	1151
10033	115	1151
10034	115	1151
10041	115	1151
10042	115	1151
10043	115	1151
10044	115	1151
10051	115	1151
10052	115	1151
10053	115	1151
10054	115	1151
10061	115	1151
10062	115	1151
10063	115	1151
10064	115	1151
10071	115	1151
10072	115	1151
10073	115	1151
10074	115	1151
10081	115	1151
10082	115	1151
10083	115	1151
10084	115	1151
10091	115	1151
10092	115	1151
10093	115	1151
10094	115	1151
10501	115	1151
10502	115	1151
10503	115	1151
10504	115	1151
10511	115	1151
10512	115	1151
10513	115	1151
10514	115	1151
10521	115	1151
10522	115	1151
10523	115	1151
10524	115	1151
10531	115	1151
10532	115	1151
10533	115	1151
10534	115	1151
10541	115	1151
10542	115	1151
10543	115	1151
10544	115	1151
10551	115	1151
10552	115	1151
10553	115	1151
10554	115	1151
10561	115	1151
10562	115	1151
10563	115	1151
10564	115	1151
10571	115	1151
10572	115	1151
10573	115	1151
10574	115	1151
10581	115	1151
10582	115	1151
10583	115	1151
10584	115	1151
10591	115	1151
10592	115	1151
10593	115	1151
10594	115	1151
11001	115	1151
11002	115	1151
11003	115	1151
11004	115	1151
11011	115	1151
11012	115	1151
11013	115	1151
11014	115	1151
11021	115	1151
11022	115	1151
11023	115	1151
11024	115	1151
11031	115	1151
11032	115	1151
11033	115	1151
11034	115	1151
11041	115	1151
11042	115	1151
11043	115	1151
11044	115	1151
11051	115	1151
11052	115	1151
11053	115	1151
11054	115	1151
11061	115	1151
11062	115	1151
11063	115	1151
11064	115	1151
11071	115	1151
11072	115	1151
11073	115	1151
11074	115	1151
11081	115	1151
11082	115	1151
11083	115	1151
11084	115	1151
11091	115	1151
11092	115	1151
11093	115	1151
11094	115	1151
11501	115	1151
11502	115	1151
11503	115	1151
11504	115	1151
11511	115	1151
11512	115	1151
11513	115	1151
11514	115	1151
11521	115	1151
11522	115	1151
11523	115	1151
11524	115	1151
11531	115	1151
11532	115	1151
11533	115	1151
11534	115	1151
11541	115	1151
11542	115	1151
11543	115	1151
11544	115	1151
11551	115	1151
11552	115	1151
11553	115	1151
11554	115	1151
11561	115	1151
11562	115	1151
11563	115	1151
11564	115	1151
11571	115	1151
11572	115	1151
11573	115	1151
11574	115	1151
11581	115	1151
11582	115	1151
11583	115	1151
11584	115	1151
11591	115	1151
11592	115	1151
11593	115	1151
11594	115	1151
12001	115	1151
12002	115	1151
12003	115	1151
12004	115	1151
12011	115	1151
12012	115	1151
12013	115	1151
12014	115	1151
12021	115	1151
12022	115	1151
12023	115	1151
12024	115	1151
12031	115	1151
12032	115	1151
12033	115	1151
12034	115	1151
12041	115	1151
12042	115	1151
12043	115	1151
12044	115	1151
12051	115	1151
12052	115	1151
12053	115	1151
12054	115	1151
12061	115	1151
12062	115	1151
12063	115	1151
12064	115	1151
12071	115	1151
12072	115	1151
12073	115	1151
12074	115	1151
12081	115	1151
12082	115	1151
12083	115	1151
12084	115	1151
12091	115	1151
12092	115	1151
12093	115	1151
12094	115	1151
12501	115	1151
12502	115	1151
12503	115	1151
12504	115	1151
12511	115	1151
12512	115	1151
12513	115	1151
12514	115	1151
12521	115	1151
12522	115	1151
12523	115	1151
12524	115	1151
12531	115	1151
12532	115	1151
12533	115	1151
12534	115	1151
12541	115	1151
12542	115	1151
12543	115	1151
12544	115	1151
12551	115	1151
12552	115	1151
12553	115	1151
12554	115	1151
12561	115	1151
12562	115	1151
12563	115	1151
12564	115	1151
12571	115	1151
12572	115	1151
12573	115	1151
12574	115	1151
12581	115	1151
12582	115	1151
12583	115	1151
12584	115	1151
12591	115	1151
12592	115	1151
12593	115	1151
12594	115	1151
